{"cameraMode":{"drawMode":0,"name":"Shaded","section":"Shading Mode"},"sceneLighting":false,"audioPlay":false,"sceneViewState":{"m_AlwaysRefresh":false,"showFog":false,"showSkybox":false,"showFlares":false,"showImageEffects":false,"showParticleSystems":false,"showVisualEffectGraphs":true,"m_FxEnabled":true},"in2DMode":false,"pivot":{"x":0.003925621509552002,"y":0.9182978868484497,"z":0.019963189959526063},"rotation":{"x":-0.25296226143836977,"y":0.6609859466552734,"z":-0.25357070565223696,"w":-0.659403383731842},"size":0.9780354499816895,"orthographic":false}